index,id,name,date,year,time,record_identifier,status,latitude,longitude,knots,mph,category
4,AL011851,UNNAMED,18510625,1851,2100,L,HU,28.2,-96.8,80,92,1
48,AL041851,UNNAMED,18510823,1851,2100,L,HU,30.1,-85.7,100,115,3
127,AL011852,UNNAMED,18520826,1852,600,L,HU,30.2,-88.6,100,115,3
163,AL031852,UNNAMED,18520912,1852,0,L,HU,28,-82.8,70,81,1
223,AL051852,UNNAMED,18521009,1852,2100,L,HU,29.9,-84.4,90,104,2
338,AL011854,UNNAMED,18540626,1854,1200,L,HU,26.2,-97,70,81,1
352,AL031854,UNNAMED,18540908,1854,2000,L,HU,31.7,-81.1,100,115,3
373,AL041854,UNNAMED,18540918,1854,2100,L,HU,28.9,-95.3,90,104,2
421,AL051855,UNNAMED,18550916,1855,300,L,HU,29.2,-89.5,110,127,3
434,AL011856,UNNAMED,18560810,1856,1800,L,HU,29.2,-91.1,130,150,4
487,AL051856,UNNAMED,18560831,1856,600,L,HU,30.2,-85.9,90,104,2
555,AL021857,UNNAMED,18570913,1857,0,L,HU,33.9,-78,90,104,2
640,AL031858,UNNAMED,18580916,1858,1700,L,HU,40.9,-72.2,80,92,1
742,AL051859,UNNAMED,18590916,1859,0,L,HU,30.3,-88.1,70,81,1
804,AL081859,UNNAMED,18591028,1859,1800,L,HU,27.7,-82.8,80,92,1
825,AL011860,UNNAMED,18600811,1860,2000,L,HU,29.2,-90,110,127,3
873,AL041860,UNNAMED,18600915,1860,400,L,HU,29.3,-89.6,90,104,2
907,AL061860,UNNAMED,18601002,1860,1700,L,HU,29.5,-91.4,90,104,2
1004,AL051861,UNNAMED,18610927,1861,1700,L,HU,34.5,-77.4,70,81,1
1032,AL081861,UNNAMED,18611102,1861,1000,L,HU,34.7,-76.6,70,81,1
1361,AL041865,UNNAMED,18650913,1865,2100,L,HU,29.8,-93.4,90,104,2
1390,AL071865,UNNAMED,18651023,1865,1000,L,HU,24.6,-81.7,90,104,2
1418,AL011866,UNNAMED,18660715,1866,1200,L,HU,28.5,-96.5,90,104,2
1530,AL011867,UNNAMED,18670622,1867,1400,L,HU,32.9,-79.7,70,81,1
1603,AL071867,UNNAMED,18671004,1867,1500,L,HU,29.2,-91,90,104,2
1725,AL021869,UNNAMED,18690817,1869,700,L,HU,28.1,-96.8,90,104,2
1746,AL051869,UNNAMED,18690905,1869,1200,L,HU,29.2,-90,70,81,1
1757,AL061869,UNNAMED,18690908,1869,2100,L,HU,41,-71.9,100,115,3
1799,AL101869,UNNAMED,18691004,1869,1900,L,HU,41.3,-70.5,90,104,2
1805,AL011870,UNNAMED,18700730,1870,1800,L,HU,30.5,-88,70,81,1
1936,AL091870,UNNAMED,18701020,1870,1400,L,HU,24.7,-82.8,80,92,1
2015,AL031871,UNNAMED,18710817,1871,200,L,HU,27.1,-80.2,100,115,3
2076,AL041871,UNNAMED,18710825,1871,500,L,HU,27.1,-80.3,90,104,2
2123,AL061871,UNNAMED,18710906,1871,1400,L,HU,29.2,-83,70,81,1
2441,AL031873,UNNAMED,18730919,1873,1500,L,HU,29.9,-84.4,70,81,1
2505,AL051873,UNNAMED,18731007,1873,100,L,HU,26.5,-82.2,100,115,3
2649,AL061874,UNNAMED,18740928,1874,300,L,HU,29.1,-82.9,70,81,1
2775,AL031875,UNNAMED,18750916,1875,2100,L,HU,27.7,-97.2,100,115,3
2873,AL021876,UNNAMED,18760917,1876,1400,L,HU,34.4,-77.6,80,92,1
2954,AL051876,UNNAMED,18761020,1876,500,L,HU,25.8,-81.4,90,104,2
3007,AL021877,UNNAMED,18770918,1877,1600,L,HU,29.2,-91,70,81,1
3099,AL041877,UNNAMED,18771003,1877,500,L,HU,30,-85.5,100,115,3
3324,AL051878,UNNAMED,18780910,1878,1100,L,HU,28.6,-82.6,90,104,2
3537,AL111878,UNNAMED,18781023,1878,400,L,HU,34.8,-77.1,90,104,2
3619,AL021879,UNNAMED,18790818,1879,1200,L,HU,34.5,-76.8,100,115,3
3646,AL031879,UNNAMED,18790823,1879,200,L,HU,29.6,-94.4,90,104,2
3669,AL041879,UNNAMED,18790901,1879,1600,L,HU,29.5,-91.4,110,127,3
3826,AL021880,UNNAMED,18800813,1880,100,L,HU,25.8,-97,130,150,4
3880,AL041880,UNNAMED,18800829,1880,1200,L,HU,28.2,-80.6,90,104,2
3950,AL061880,UNNAMED,18800909,1880,1000,L,HU,34.7,-77.1,70,81,1
4021,AL091880,UNNAMED,18801008,1880,1900,L,HU,28.7,-83,70,81,1
4070,AL111880,UNNAMED,18801023,1880,800,L,EX,41.3,-70,60,69,TS
4193,AL051881,UNNAMED,18810828,1881,200,L,HU,31.7,-81.1,90,104,2
4212,AL061881,UNNAMED,18810909,1881,1600,L,HU,33.9,-78.1,90,104,2
4288,AL021882,UNNAMED,18820910,1882,200,L,HU,30.4,-86.8,110,127,3
4373,AL061882,UNNAMED,18821011,1882,400,L,HU,29.5,-83.3,70,81,1
4508,AL031883,UNNAMED,18830911,1883,1300,L,HU,33.9,-78.5,90,104,2
4767,AL021885,UNNAMED,18850825,1885,1200,L,HU,32.6,-80.1,90,104,2
4915,AL011886,UNNAMED,18860614,1886,1600,L,HU,29.6,-94.2,85,98,2
4939,AL021886,UNNAMED,18860621,1886,1100,L,HU,30.1,-84,85,98,2
4968,AL031886,UNNAMED,18860630,1886,2100,L,HU,29.7,-85.2,85,98,2
4997,AL041886,UNNAMED,18860719,1886,100,L,HU,28.8,-82.7,70,81,1
5055,AL051886,UNNAMED,18860820,1886,1300,L,HU,28.1,-96.8,130,150,4
5227,AL101886,UNNAMED,18861012,1886,2200,L,HU,29.8,-93.5,105,121,3
5365,AL041887,UNNAMED,18870727,1887,1500,L,HU,30.4,-86.6,75,86,1
5548,AL091887,UNNAMED,18870921,1887,1700,L,HU,26.1,-97.2,75,86,1
5630,AL131887,UNNAMED,18871019,1887,200,L,HU,29.1,-90.4,75,86,1
5791,AL011888,UNNAMED,18880617,1888,600,L,HU,28.7,-95.7,70,81,1
5818,AL031888,UNNAMED,18880816,1888,1900,L,HU,25.8,-80.1,110,127,3
5927,AL061888,UNNAMED,18880926,1888,1300,L,HU,41.6,-69.9,70,81,1
5943,AL071888,UNNAMED,18881011,1888,100,L,HU,29.2,-83.1,95,109,2
6268,AL061889,UNNAMED,18890923,1889,400,L,HU,29.1,-89.8,70,81,1
6472,AL011891,UNNAMED,18910705,1891,2200,L,HU,28.8,-95.5,80,92,1
6559,AL031891,UNNAMED,18910824,1891,1500,L,HU,25.4,-80.2,70,81,1
7263,AL041893,UNNAMED,18930824,1893,1200,L,HU,40.7,-73.9,75,86,1
7340,AL061893,UNNAMED,18930828,1893,500,L,HU,31.7,-81.1,100,115,3
7417,AL081893,UNNAMED,18930907,1893,1400,L,HU,29.2,-91.1,85,98,2
7501,AL091893,UNNAMED,18931013,1893,1300,L,HU,33,-79.5,105,121,3
7531,AL101893,UNNAMED,18931002,1893,800,L,HU,29.3,-89.8,115,132,4
7703,AL041894,UNNAMED,18940925,1894,1100,L,HU,24.7,-82,70,81,1
7763,AL051894,UNNAMED,18941009,1894,300,L,HU,30.2,-85.5,105,121,3
8066,AL011896,UNNAMED,18960707,1896,1700,L,HU,30.4,-86.5,85,98,2
8133,AL021896,UNNAMED,18960910,1896,1300,L,HU,41.2,-70.6,70,81,1
8211,AL041896,UNNAMED,18960929,1896,1100,L,HU,29.2,-83.1,110,127,3
8383,AL021897,UNNAMED,18970913,1897,500,L,HU,29.7,-93.8,75,86,1
8527,AL011898,UNNAMED,18980802,1898,2300,L,HU,29.7,-84.8,70,81,1
8537,AL021898,UNNAMED,18980831,1898,700,L,HU,32.1,-80.8,75,86,1
8726,AL071898,UNNAMED,18981002,1898,1600,L,HU,30.9,-81.4,115,132,4
8880,AL021899,UNNAMED,18990801,1899,1700,L,HU,29.7,-84.7,85,98,2
8947,AL031899,UNNAMED,18990818,1899,100,L,HU,35.2,-75.8,105,121,3
9193,AL091899,UNNAMED,18991031,1899,900,L,HU,33.6,-79,95,109,2
9281,AL011900,UNNAMED,19000909,1900,200,L,HU,29.1,-95.1,120,138,4
9622,AL031901,UNNAMED,19010711,1901,700,L,HU,36,-75.8,70,81,1
9687,AL041901,UNNAMED,19010814,1901,2100,L,HU,29.3,-89.6,75,86,1
10246,AL031903,UNNAMED,19030911,1903,2300,L,HU,26.1,-80.1,75,86,1
10286,AL041903,UNNAMED,19030916,1903,1100,L,HU,39.1,-74.7,70,81,1
10515,AL021904,UNNAMED,19040914,1904,1300,L,HU,33.1,-79.2,70,81,1
10570,AL041904,UNNAMED,19041017,1904,800,L,HU,25.3,-80.3,70,81,1
10821,AL021906,UNNAMED,19060617,1906,300,L,HU,24.7,-81.1,70,81,1
10997,AL051906,UNNAMED,19060917,1906,2200,L,HU,33.3,-79.2,80,92,1
11034,AL061906,UNNAMED,19060927,1906,1100,L,HU,30.2,-88.6,95,109,2
11132,AL081906,UNNAMED,19061018,1906,1000,L,HU,24.7,-81.1,105,121,3
11355,AL021908,UNNAMED,19080529,1908,2100,L,HU,35.2,-75.6,65,75,1
11393,AL031908,UNNAMED,19080731,1908,1100,L,HU,34.6,-77.1,70,81,1
11649,AL021909,UNNAMED,19090629,1909,1700,L,HU,26.1,-97.2,85,98,2
11723,AL041909,UNNAMED,19090721,1909,1700,L,HU,28.9,-95.3,100,115,3
11843,AL091909,UNNAMED,19090921,1909,0,L,HU,29.5,-91.3,100,115,3
11890,AL111909,UNNAMED,19091011,1909,1800,L,HU,24.7,-81,100,115,3
12013,AL031910,UNNAMED,19100914,1910,2200,L,HU,26.9,-97.4,90,104,2
12077,AL051910,UNNAMED,19101018,1910,600,L,HU,26.5,-82,95,109,2
12145,AL021911,UNNAMED,19110811,1911,2200,L,HU,30.3,-87.5,70,81,1
12178,AL031911,UNNAMED,19110828,1911,1000,L,HU,32.2,-80.7,85,98,2
12377,AL041912,UNNAMED,19120914,1912,800,L,HU,30.3,-88.4,65,75,1
12433,AL061912,UNNAMED,19121016,1912,1800,L,HU,27.1,-97.4,85,98,2
12510,AL011913,UNNAMED,19130628,1913,100,L,HU,27.1,-97.4,65,75,1
12611,AL041913,UNNAMED,19130903,1913,800,L,HU,34.7,-76.6,75,86,1
12642,AL051913,UNNAMED,19131008,1913,1400,L,HU,33.1,-79.4,65,75,1
12688,AL011915,UNNAMED,19150801,1915,1800,L,HU,28.7,-80.8,65,75,1
12752,AL021915,UNNAMED,19150817,1915,700,L,HU,29.2,-95.1,115,132,4
12854,AL041915,UNNAMED,19150904,1915,1100,L,HU,30,-85.4,80,92,1
12914,AL061915,UNNAMED,19150929,1915,1800,L,HU,29,-90.3,110,127,3
12972,AL021916,UNNAMED,19160705,1916,2100,L,HU,30.4,-88.4,105,121,3
13058,AL041916,UNNAMED,19160714,1916,800,L,HU,32.9,-79.5,95,109,2
13102,AL061916,UNNAMED,19160818,1916,2200,L,HU,27,-97.4,115,132,4
13320,AL141916,UNNAMED,19161018,1916,1400,L,HU,30.4,-87.4,95,109,2
13476,AL041917,UNNAMED,19170929,1917,200,L,HU,30.4,-86.6,100,115,3
13505,AL011918,UNNAMED,19180806,1918,1800,L,HU,29.8,-93.2,105,121,3
13535,AL031918,UNNAMED,19180824,1918,2100,L,HU,34.8,-76.8,65,75,1
13677,AL021919,UNNAMED,19190910,1919,700,L,HU,24.6,-82.9,130,150,4
13804,AL021920,UNNAMED,19200922,1920,100,L,HU,29.1,-90.8,85,98,2
13899,AL011921,UNNAMED,19210622,1921,1800,L,HU,28.5,-95.9,80,92,1
14067,AL061921,UNNAMED,19211025,1921,2000,L,HU,28.1,-82.8,100,115,3
14455,AL061923,UNNAMED,19231016,1923,600,L,HU,29.2,-91,70,81,1
14651,AL051924,UNNAMED,19240915,1924,1400,L,HU,29.7,-85.3,75,86,1
14792,AL101924,UNNAMED,19241021,1924,100,L,HU,25.8,-81.8,80,92,1
14935,AL011926,UNNAMED,19260728,1926,1000,L,HU,29,-80.8,90,104,2
15021,AL031926,UNNAMED,19260825,1926,2300,L,HU,29.2,-90.9,100,115,3
15199,AL071926,UNNAMED,19260918,1926,1200,L,HU,25.6,-80.3,125,144,4
15578,AL011928,UNNAMED,19280808,1928,700,L,HU,27.3,-80.2,85,98,2
15717,AL041928,UNNAMED,19280917,1928,0,L,HU,26.7,-80,125,144,4
15785,AL011929,UNNAMED,19290628,1929,2100,L,HU,28.3,-96.4,80,92,1
15831,AL021929,UNNAMED,19290928,1929,1300,L,HU,25,-80.5,100,115,3
16376,AL021932,UNNAMED,19320814,1932,400,L,HU,29,-95.2,130,150,4
16407,AL031932,UNNAMED,19320901,1932,500,L,HU,30.2,-88.1,75,86,1
16990,AL051933,UNNAMED,19330730,1933,1600,L,HU,27.1,-80.1,65,75,1
17056,AL061933,UNNAMED,19330823,1933,1000,L,HU,35.8,-75.6,80,92,1
17165,AL081933,UNNAMED,19330905,1933,400,L,HU,26.1,-97.2,110,127,3
17233,AL111933,UNNAMED,19330904,1933,500,L,HU,26.9,-80.1,110,127,3
17570,AL011934,UNNAMED,19340616,1934,1900,L,HU,29.7,-91.7,85,98,2
17626,AL031934,UNNAMED,19340725,1934,1700,L,HU,28.1,-96.8,75,86,1
17701,AL071934,UNNAMED,19340909,1934,200,L,HU,40.7,-73,65,75,1
17942,AL031935,UNNAMED,19350903,1935,200,L,HU,24.8,-80.8,160,184,5
18086,AL071935,UNNAMED,19351104,1935,1800,L,HU,25.9,-80.1,85,98,2
18188,AL031936,UNNAMED,19360627,1936,1600,L,HU,27.9,-97,70,81,1
18221,AL051936,UNNAMED,19360731,1936,1400,L,HU,30.4,-86.6,90,104,2
18873,AL031938,UNNAMED,19380815,1938,100,L,HU,29.8,-93.4,65,75,1
18969,AL061938,UNNAMED,19380921,1938,2000,L,HU,40.7,-72.9,105,121,3
19085,AL021939,UNNAMED,19390811,1939,2300,L,HU,27.2,-80.2,65,75,1
19280,AL021940,UNNAMED,19400807,1940,2100,L,HU,29.7,-94.1,85,98,2
19318,AL031940,UNNAMED,19400811,1940,2000,L,HU,32.1,-80.8,85,98,2
19558,AL021941,UNNAMED,19410923,1941,2200,L,HU,28.8,-95.6,110,127,3
19644,AL051941,UNNAMED,19411006,1941,1000,L,HU,25.5,-80.2,85,98,2
19736,AL021942,UNNAMED,19420821,1942,1300,L,HU,29.5,-94.6,65,75,1
19773,AL031942,UNNAMED,19420830,1942,900,L,HU,28.3,-96.6,100,115,3
19986,AL011943,UNNAMED,19430727,1943,1800,L,HU,29.5,-94.6,90,104,2
20261,AL031944,UNNAMED,19440801,1944,2300,L,HU,33.9,-78.1,70,81,1
20361,AL071944,UNNAMED,19440915,1944,200,L,HU,40.9,-72.2,90,104,2
20484,AL131944,UNNAMED,19441018,1944,2100,L,HU,24.6,-82.9,105,121,3
20537,AL011945,UNNAMED,19450624,1945,800,L,HU,28.6,-82.7,70,81,1
20634,AL051945,UNNAMED,19450827,1945,1200,L,HU,28.2,-96.7,100,115,3
20702,AL091945,UNNAMED,19450915,1945,1930,L,HU,25.3,-80.3,115,132,4
20869,AL061946,UNNAMED,19461007,1946,400,L,HU,22.2,-83.9,80,92,1
20951,AL021947,UNNAMED,19470815,1947,1000,L,HU,21.7,-97.5,95,109,2
20982,AL031947,UNNAMED,19470824,1947,2200,L,HU,29.2,-94.9,70,81,1
21046,AL041947,UNNAMED,19470916,1947,1900,L,HU,26.7,-77.1,105,121,3
21149,AL091947,UNNAMED,19471012,1947,200,L,HU,25.4,-81.2,80,92,1
21303,AL051948,UNNAMED,19480904,1948,700,L,HU,29.1,-90.5,70,81,1
21393,AL081948,UNNAMED,19480920,1948,2200,L,HU,22.3,-82.1,110,127,3
21426,AL091948,UNNAMED,19481005,1948,700,L,HU,22.4,-83.2,110,127,3
21537,AL021949,UNNAMED,19490826,1949,2300,L,HU,26.6,-80,115,132,4
21765,AL111949,UNNAMED,19491004,1949,500,L,HU,28.8,-95.6,95,109,2
21918,AL011950,ABLE,19500821,1950,1600,L,HU,44.6,-63.7,65,75,1
21981,AL021950,BAKER,19500831,1950,300,L,HU,30.2,-88,75,86,1
22133,AL051950,EASY,19500903,1950,100,L,HU,21.5,-82.6,70,81,1
22271,AL091950,ITEM,19501011,1950,400,L,HU,18.9,-95.9,90,104,2
22317,AL111950,KING,19501016,1950,2200,L,HU,20.9,-78.3,80,92,1
22470,AL021951,ABLE,19510518,1951,1200,L,HU,27,-77.9,75,86,1
22536,AL041951,CHARLIE,19510818,1951,300,L,HU,17.9,-76.9,110,127,3
22899,AL021952,ABLE,19520831,1952,300,L,HU,32.3,-80.6,85,98,2
23100,AL101952,FOX,19521024,1952,1800,L,HU,22,-80.9,125,144,4
23227,AL031953,BARBARA,19530814,1953,300,L,HU,35,-76.1,80,92,1
23284,AL041953,CAROL,19530907,1953,2000,L,HU,44.2,-66.4,75,86,1
23405,AL091953,FLORENCE,19530926,1953,1500,L,HU,30.3,-86.2,80,92,1
23481,AL121953,HAZEL,19531009,1953,1500,L,HU,26.7,-82.2,75,86,1
23583,AL031954,ALICE,19540625,1954,1400,L,HU,25,-97.6,95,109,2
23645,AL061954,CAROL,19540831,1954,1400,L,HU,40.9,-72.2,100,115,3
23696,AL081954,EDNA,19540911,1954,1830,L,HU,41.4,-70.5,95,109,2
23814,AL141954,HAZEL,19541006,1954,0,L,HU,12.2,-61.6,65,75,1
23903,AL161954,ALICE,19550102,1955,2100,L,HU,18,-63,65,75,1
23969,AL021955,CONNIE,19550812,1955,1500,L,HU,34.7,-76.7,85,98,2
24161,AL071955,GLADYS,19550905,1955,2200,L,HU,23.1,-97.8,65,75,1
24203,AL081955,IONE,19550919,1955,1100,L,HU,34.7,-76.7,90,104,2
24244,AL091955,HILDA,19550913,1955,2100,L,HU,20.2,-74.2,70,81,1
24280,AL101955,JANET,19550923,1955,0,L,HU,12.6,-61.4,90,104,2
24364,AL131955,KATIE,19551017,1955,500,L,HU,18,-71.7,95,109,2
24394,AL021956,ANNA,19560726,1956,2100,L,HU,21.7,-97.5,75,86,1
24524,AL071956,FLOSSY,19560924,1956,1000,L,HU,29.1,-89.4,75,86,1
24693,AL021957,AUDREY,19570627,1957,1330,L,HU,29.8,-93.7,110,127,3
25016,AL051958,ELLA,19580901,1958,1200,L,HU,18.2,-73.4,95,109,2
25198,AL101958,JANICE,19581006,1958,2100,L,HU,25.1,-77.1,60,69,TS
25334,AL041959,CINDY,19590709,1959,400,L,HU,33,-79.6,65,75,1
25360,AL051959,DEBRA,19590725,1959,500,L,HU,29.1,-95.2,75,86,1
25432,AL081959,GRACIE,19590929,1959,1700,L,HU,32.5,-80.4,115,132,4
25659,AL021960,ABBY,19600715,1960,600,L,HU,16.3,-86.6,70,81,1
25755,AL051960,DONNA,19600904,1960,2200,L,HU,17.7,-61.8,110,127,3
25815,AL061960,ETHEL,19600915,1960,2100,L,HU,30.4,-89,70,81,1
25896,AL011961,ANNA,19610723,1961,1200,L,HU,15.8,-84.3,70,81,1
25997,AL031961,CARLA,19610911,1961,2000,L,HU,28.3,-96.4,125,144,4
26251,AL091961,HATTIE,19611031,1961,1200,L,HU,17.1,-88.3,130,150,4
26608,AL011963,ARLENE,19630809,1963,1530,L,HU,32.3,-64.8,95,109,2
26775,AL061963,EDITH,19630925,1963,700,L,HU,14,-60.9,85,98,2
26804,AL071963,FLORA,19630930,1963,1800,L,HU,11.2,-60.7,90,104,2
26922,AL081963,GINNY,19631029,1963,1730,L,HU,43.8,-65.8,90,104,2
27080,AL051964,CLEO,19640822,1964,1700,L,HU,15.9,-61.3,110,127,3
27215,AL061964,DORA,19640910,1964,600,L,HU,29.9,-81.3,95,109,2
27385,AL101964,HILDA,19641003,1964,2300,L,HU,29.5,-91.5,90,104,2
27420,AL111964,ISBELL,19641013,1964,1900,L,HU,21.7,-84.5,85,98,2
27579,AL031965,BETSY,19650907,1965,2000,L,HU,25.3,-78.1,105,121,3
27830,AL011966,ALMA,19660608,1966,800,L,HU,21.5,-82.9,85,98,2
28128,AL091966,INEZ,19660927,1966,1700,L,HU,16.2,-61.6,110,127,3
28559,AL131967,BEULAH,19670917,1967,300,L,HU,20.5,-86.8,110,127,3
29181,AL141968,GLADYS,19681019,1968,400,L,HU,28.7,-82.7,85,98,2
29361,AL091969,CAMILLE,19690815,1969,2200,L,HU,21.9,-84.3,95,109,2
29425,AL131969,FRANCELIA,19690903,1969,2100,L,HU,16.2,-88.8,85,98,2
29453,AL161969,GERDA,19690910,1969,100,L,HU,44.7,-67.3,70,81,1
29672,AL231969,UNNAMED,19691001,1969,1600,L,SS,30.4,-86.8,40,46,TS
29967,AL041970,CELIA,19700803,1970,2100,L,HU,27.8,-97.1,120,138,4
30182,AL121970,ELLA,19700912,1970,1000,L,HU,23.9,-97.7,110,127,3
35418,AL031983,ALICIA,19830818,1983,700,L,HU,29.1,-95.1,100,115,3
35452,AL041983,BARRY,19830828,1983,1725,L,HU,25.4,-97.4,70,81,1
35643,AL101984,DIANA,19840913,1984,700,L,HU,33.9,-78,80,92,1
35962,AL021985,BOB,19850725,1985,300,L,HU,32.2,-80.5,65,75,1
36012,AL041985,DANNY,19850815,1985,1630,L,HU,29.6,-92.7,80,92,1
36057,AL051985,ELENA,19850902,1985,1300,L,HU,30.4,-89.2,100,115,3
36157,AL091985,GLORIA,19850927,1985,530,L,HU,35.2,-75.6,90,104,2
36244,AL121985,JUAN,19851029,1985,1100,L,HU,29.5,-91.4,65,75,1
36284,AL131985,KATE,19851121,1985,2230,L,HU,30,-85.4,85,98,2
36330,AL021986,BONNIE,19860626,1986,1000,L,HU,29.6,-94.2,75,86,1
36385,AL051986,CHARLEY,19860817,1986,1400,L,HU,34.7,-76.5,65,75,1
36850,AL121987,EMILY,19870923,1987,300,L,HU,18.3,-71,95,109,2
36882,AL131987,FLOYD,19871012,1987,2100,L,HU,25.1,-80.5,65,75,1
36978,AL041988,DEBBY,19880903,1988,0,L,HU,20.7,-97.3,65,75,1
37037,AL071988,FLORENCE,19880910,1988,200,L,HU,29.1,-89.3,70,81,1
37060,AL081988,GILBERT,19880912,1988,1700,L,HU,17.8,-76.8,115,132,4
37197,AL111988,JOAN,19881022,1988,1000,L,HU,11.9,-83.7,125,144,4
37398,AL041989,CHANTAL,19890801,1989,1300,L,HU,29.6,-94.4,70,81,1
37670,AL111989,HUGO,19890917,1989,500,L,HU,16.3,-61.3,120,138,4
37759,AL141989,JERRY,19891016,1989,30,L,HU,29.2,-95,75,86,1
37945,AL051990,DIANA,19900807,1990,1900,L,HU,20.9,-97,85,98,2
38336,AL031991,BOB,19910819,1991,1720,L,HU,41.2,-71.6,90,104,2
38588,AL041992,ANDREW,19920823,1992,2100,L,HU,25.4,-76.6,140,161,5
39006,AL081993,GERT,19930920,1993,2100,L,HU,21.2,-97.5,85,98,2
39395,AL051995,ERIN,19950802,1995,615,L,HU,27.7,-80.3,75,86,1
39751,AL151995,MARILYN,19950914,1995,2100,L,HU,15.5,-61.3,70,81,1
39896,AL171995,OPAL,19951004,1995,2200,L,HU,30.3,-87.1,100,115,3
39936,AL191995,ROXANNE,19951011,1995,200,L,HU,20,-87.6,100,115,3
40079,AL021996,BERTHA,19960712,1996,2000,L,HU,34.3,-77.8,90,104,2
40112,AL031996,CESAR,19960728,1996,400,L,HU,12.2,-83.9,75,86,1
40122,AL041996,DOLLY,19960820,1996,1730,L,HU,19.1,-87.7,65,75,1
40269,AL061996,FRAN,19960906,1996,30,L,HU,33.9,-78,100,115,3
40342,AL081996,HORTENSE,19960910,1996,600,L,HU,18,-66.9,70,81,1
40471,AL121996,LILI,19961018,1996,930,L,HU,22.3,-82,85,98,2
40631,AL051997,DANNY,19970718,1997,900,L,HU,29.3,-89.7,65,75,1
40832,AL021998,BONNIE,19980827,1998,400,L,HU,34.4,-77.7,95,109,2
40935,AL051998,EARL,19980903,1998,600,L,HU,30.1,-85.7,70,81,1
41001,AL071998,GEORGES,19980921,1998,430,L,HU,17,-61.7,100,115,3
41231,AL131998,MITCH,19981029,1998,1200,L,HU,15.9,-85.7,70,81,1
41361,AL031999,BRET,19990823,1999,0,L,HU,26.9,-97.4,100,115,3
41439,AL051999,DENNIS,19990828,1999,700,L,HU,26.6,-76.8,75,86,1
41540,AL081999,FLOYD,19990914,1999,1200,L,HU,25.4,-76.3,105,121,3
41662,AL131999,IRENE,19991015,1999,1300,L,HU,24.6,-81.6,65,75,1
41694,AL141999,JOSE,19991020,1999,1600,L,HU,17.1,-61.7,80,92,1
41748,AL161999,LENNY,19991117,1999,1800,L,HU,17.4,-64.8,135,155,4
41916,AL072000,DEBBY,20000822,2000,600,L,HU,17.5,-61.7,65,75,1
42142,AL152000,KEITH,20001002,2000,2300,L,HU,17.9,-88,65,75,1
42264,AL012001,ALLISON,20010611,2001,200,L,SD,29.6,-91.6,30,35,TD
42587,AL112001,IRIS,20011009,2001,200,L,HU,16.3,-88.4,125,144,4
42660,AL152001,MICHELLE,20011104,2001,1800,L,HU,21.5,-81.8,120,138,4
42876,AL082002,GUSTAV,20020912,2002,430,L,HU,45.6,-60.4,80,92,1
42932,AL102002,ISIDORE,20020920,2002,2100,L,HU,22,-84.1,75,86,1
43097,AL132002,LILI,20020930,2002,1400,L,HU,19.7,-79.8,65,75,1
43229,AL042003,CLAUDETTE,20030715,2003,1530,L,HU,28.3,-96.2,80,92,1
43304,AL082003,ERIKA,20030816,2003,1030,L,HU,25.3,-97.4,65,75,1
43451,AL132003,ISABEL,20030918,2003,1700,L,HU,34.9,-76.2,90,104,2
43487,AL152003,JUAN,20030929,2003,300,L,HU,44.4,-63.8,85,98,2
43806,AL032004,CHARLEY,20040813,2004,430,L,HU,22.7,-82.6,105,121,3
43914,AL062004,FRANCES,20040902,2004,1930,L,HU,24,-74.5,110,127,3
43960,AL072004,GASTON,20040829,2004,1400,L,HU,33,-79.6,65,75,1
44055,AL092004,IVAN,20040916,2004,650,L,HU,30.2,-87.9,105,121,3
44115,AL112004,JEANNE,20040916,2004,1100,L,HU,18.6,-68.3,70,81,1
44378,AL032005,CINDY,20050706,2005,300,L,HU,29.2,-90.1,65,75,1
44416,AL042005,DENNIS,20050708,2005,245,L,HU,19.9,-77.6,120,138,4
44474,AL052005,EMILY,20050714,2005,700,L,HU,12,-61.8,75,86,1
44690,AL122005,KATRINA,20050825,2005,2230,L,HU,26,-80.1,70,81,1
44945,AL182005,RITA,20050924,2005,740,L,HU,29.7,-93.7,100,115,3
44976,AL202005,STAN,20051004,2005,1200,L,HU,18.6,-94.9,70,81,1
45063,AL252005,WILMA,20051021,2005,2145,L,HU,20.6,-86.8,130,150,4
45112,AL272005,BETA,20051030,2005,1200,L,HU,12.9,-83.5,90,104,2
45750,AL042007,DEAN,20070821,2007,830,L,HU,18.7,-87.7,150,173,5
45798,AL062007,FELIX,20070904,2007,1200,L,HU,14.3,-83.2,140,161,5
45854,AL092007,HUMBERTO,20070913,2007,700,L,HU,29.6,-94.3,80,92,1
45901,AL132007,LORENZO,20070928,2007,500,L,HU,20.5,-97,65,75,1
46022,AL172007,OLGA,20071211,2007,700,L,SS,18.4,-66.5,40,46,TS
46161,AL042008,DOLLY,20080723,2008,1820,L,HU,26.4,-97.2,75,86,1
46257,AL072008,GUSTAV,20080826,2008,1800,L,HU,18.1,-72.8,70,81,1
46320,AL082008,HANNA,20080902,2008,0,L,HU,21.8,-72.3,75,86,1
46375,AL092008,IKE,20080907,2008,1300,L,HU,21,-73.2,110,127,3
46460,AL112008,KYLE,20080929,2008,0,L,HU,43.8,-66.2,65,75,1
46577,AL172008,PALOMA,20081109,2008,100,L,HU,20.7,-78,85,98,2
46838,AL112009,IDA,20091105,2009,1200,L,HU,12.9,-83.6,70,81,1
46891,AL012010,ALEX,20100701,2010,200,L,HU,24.2,-97.7,95,109,2
47082,AL072010,EARL,20100904,2010,1500,L,HU,44.3,-64.5,65,75,1
47221,AL112010,IGOR,20100921,2010,1500,L,HU,46.6,-53.2,75,86,1
47297,AL132010,KARL,20100917,2010,1645,L,HU,19.3,-96.2,100,115,3
47457,AL192010,RICHARD,20101025,2010,30,L,HU,17.2,-88.3,85,98,2
47481,AL212010,TOMAS,20101030,2010,2000,L,HU,13.4,-61.2,85,98,2
47688,AL092011,IRENE,20110824,2011,1600,L,HU,22.4,-74,100,115,3
47825,AL132011,LEE,20110904,2011,1030,L,SS,29.6,-92.1,40,46,TS
48213,AL052012,ERNESTO,20120808,2012,100,L,HU,18.7,-87.2,80,92,1
48303,AL082012,GORDON,20120820,2012,530,L,HU,37,-25.1,65,75,1
48345,AL092012,ISAAC,20120829,2012,0,L,HU,28.9,-89.4,70,81,1
48686,AL182012,SANDY,20121024,2012,1900,L,HU,17.9,-76.6,75,86,1
49106,AL012014,ARTHUR,20140704,2014,315,L,HU,34.7,-76.6,85,98,2
49304,AL072014,FAY,20141012,2014,810,L,HU,32.3,-64.7,70,81,1
49316,AL082014,GONZALO,20141013,2014,1430,L,HU,17.1,-61.8,65,75,1
49646,AL112015,JOAQUIN,20151001,2015,1200,L,HU,23.1,-73.7,115,132,4
49856,AL052016,EARL,20160804,2016,400,L,HU,17.4,-87.8,75,86,1
49991,AL092016,HERMINE,20160902,2016,530,L,HU,30.1,-84.1,70,81,1
50182,AL142016,MATTHEW,20161004,2016,1100,L,HU,18.3,-74.3,130,150,4
50299,AL162016,OTTO,20161124,2016,1730,L,HU,11,-83.8,100,115,3
50407,AL072017,FRANKLIN,20170810,2017,500,L,HU,20,-96.6,70,81,1
50480,AL092017,HARVEY,20170826,2017,300,L,HU,28,-96.9,115,132,4
50541,AL112017,IRMA,20170906,2017,545,L,HU,17.7,-61.8,155,178,5
50678,AL132017,KATIA,20170909,2017,300,L,HU,20.6,-97.1,65,75,1
50755,AL152017,MARIA,20170919,2017,115,L,HU,15.4,-61.3,145,167,5
50830,AL162017,NATE,20171008,2017,0,L,HU,29.1,-89.2,75,86,1
50884,AL172017,OPHELIA,20171016,2017,1100,L,EX,51.9,-10.4,65,75,1
51158,AL062018,FLORENCE,20180914,2018,1115,L,HU,34.2,-77.8,80,92,1
51451,AL142018,MICHAEL,20181010,2018,1730,L,HU,30,-85.5,140,161,5
51547,AL022019,BARRY,20190713,2019,1500,L,HU,29.6,-92.2,65,75,1
51609,AL052019,DORIAN,20190828,2019,1530,L,HU,17.8,-64.6,65,75,1
52186,AL082020,HANNA,20200725,2020,2200,L,HU,26.8,-97.3,80,92,1
52205,AL092020,ISAIAS,20200731,2020,900,L,HU,20.9,-73.4,70,81,1
52306,AL132020,LAURA,20200827,2020,600,L,HU,29.8,-93.3,130,150,4
52372,AL162020,NANA,20200903,2020,600,L,HU,16.8,-88.3,65,75,1
52406,AL172020,PAULETTE,20200914,2020,850,L,HU,32.3,-64.7,85,98,2
52515,AL192020,SALLY,20200916,2020,945,L,HU,30.3,-87.7,95,109,2
52666,AL242020,ALPHA,20200918,2020,1840,L,SS,40,-8.9,45,52,TS
52675,AL252020,GAMMA,20201003,2020,1645,L,HU,20.2,-87.4,65,75,1
52700,AL262020,DELTA,20201007,2020,1030,L,HU,20.8,-86.9,90,104,2
52772,AL282020,ZETA,20201027,2020,355,L,HU,20.4,-87.4,75,86,1
52799,AL292020,ETA,20201103,2020,2100,L,HU,13.8,-83.5,120,138,4
52896,AL312020,IOTA,20201117,2020,340,L,HU,13.6,-83.5,125,144,4
53075,AL072021,GRACE,20210819,2021,945,L,HU,20.1,-87.5,75,86,1
53133,AL092021,IDA,20210827,2021,1800,L,HU,21.5,-82.6,70,81,1
53244,AL122021,LARRY,20210911,2021,330,L,HU,47.3,-54.6,70,81,1
53265,AL142021,NICHOLAS,20210914,2021,530,L,HU,28.7,-95.7,65,75,1
53717,AL072022,FIONA,20220918,2022,1920,L,HU,18,-67.1,75,86,1
53811,AL092022,IAN,20220927,2022,830,L,HU,22.2,-83.7,110,127,3
53880,AL132022,JULIA,20221009,2022,715,L,HU,12.4,-83.6,75,86,1
53918,AL152022,LISA,20221102,2022,2130,L,HU,17.4,-88.3,80,92,1
53965,AL172022,NICOLE,20221109,2022,2300,L,HU,26.6,-78.2,65,75,1
53987,AL012023,UNNAMED,20230117,2023,1245,L,SS,45.9,-60,45,52,TS
54312,AL102023,IDALIA,20230830,2023,1145,L,HU,29.9,-83.6,100,115,3
54478,AL132023,LEE,20230916,2023,2000,L,EX,44.3,-66.3,55,63,TS
54703,AL202023,TAMMY,20231022,2023,115,L,HU,17.6,-61.8,80,92,1
623,AL041857,UNNAMED,18570930,1857,1000,L,TS,25.8,-97,50,58,TS
2156,AL071871,UNNAMED,18711005,1871,1600,L,TS,30,-83.9,60,69,TS
2340,AL051872,UNNAMED,18721023,1872,800,L,TS,27.9,-82.7,50,58,TS
3435,AL081878,UNNAMED,18781010,1878,2100,L,TS,29.9,-85.4,50,58,TS
3745,AL071879,UNNAMED,18791027,1879,2100,L,TS,29,-82.7,60,69,TS
4629,AL031884,UNNAMED,18840911,1884,100,L,TS,31.6,-81.2,40,46,TS
4811,AL041885,UNNAMED,18850921,1885,300,L,TS,29,-89.4,50,58,TS
4848,AL061885,UNNAMED,18850926,1885,400,L,TS,29.6,-89,60,69,TS
6082,AL021889,UNNAMED,18890617,1889,1500,L,TS,29.1,-82.9,45,52,TS
7141,AL011893,UNNAMED,18930615,1893,2300,L,TS,29.9,-83.7,60,69,TS
8226,AL051896,UNNAMED,18961009,1896,200,L,TS,26.4,-82,50,58,TS
8477,AL051897,UNNAMED,18971020,1897,2000,L,TS,35.2,-75.5,55,63,TS
9835,AL081901,UNNAMED,19010917,1901,2000,L,TS,30.4,-86.6,50,58,TS
10048,AL021902,UNNAMED,19020626,1902,2100,L,TS,27.7,-97.2,60,69,TS
10132,AL041902,UNNAMED,19021010,1902,2100,L,TS,30.3,-87.3,50,58,TS
13039,AL031916,UNNAMED,19160721,1916,1300,L,TS,41.4,-71.2,60,69,TS
13125,AL071916,UNNAMED,19160825,1916,800,L,TS,25.6,-80.3,40,46,TS
13826,AL031920,UNNAMED,19200923,1920,600,L,TS,33.7,-78.2,55,63,TS
13869,AL051920,UNNAMED,19200930,1920,900,L,TS,28.9,-82.9,55,63,TS
15625,AL021928,UNNAMED,19280813,1928,300,L,TS,24.7,-81.4,60,69,TS
16012,AL021930,UNNAMED,19300909,1930,900,L,TS,27.5,-82.7,40,46,TS
20792,AL021946,UNNAMED,19460706,1946,800,L,TS,33.9,-78.2,45,52,TS
20820,AL041946,UNNAMED,19460912,1946,1700,L,TS,25,-78.2,55,63,TS
21723,AL091949,UNNAMED,19490926,1949,800,L,TS,19.5,-96.3,55,63,TS
21735,AL101949,UNNAMED,19490922,1949,1500,L,TS,18.4,-70,55,63,TS
22378,AL131950,LOVE,19501021,1950,1100,L,TS,29.7,-83.4,50,58,TS
22716,AL091951,HOW,19511002,1951,1000,L,TS,26.7,-82.3,55,63,TS
23322,AL061953,DOLLY,19530912,1953,500,L,TS,32.3,-64.8,55,63,TS
24021,AL031955,DIANE,19550817,1955,1200,L,TS,34,-77.9,60,69,TS
25297,AL031959,UNNAMED,19590618,1959,800,L,TS,28,-82.8,40,46,TS
25522,AL111959,JUDITH,19591018,1959,1400,L,TS,26.7,-82.3,55,63,TS
26028,AL041961,DEBBIE,19610906,1961,1300,L,TS,15,-23.4,40,46,TS
26141,AL051961,ESTHER,19610926,1961,500,L,TS,41.3,-70.3,50,58,TS
26168,AL071961,FRANCES,19611001,1961,800,L,TS,16.1,-61.6,50,58,TS
28639,AL141967,DORIA,19670917,1967,0,L,TS,36.5,-75.9,50,58,TS
28756,AL191967,FERN,19671004,1967,800,L,TS,22.6,-97.9,50,58,TS
28900,AL011968,ABBY,19680602,1968,2300,L,TS,21.9,-84.5,45,52,TS
29867,AL291969,MARTHA,19691124,1969,1800,L,TS,8.8,-81.1,40,46,TS
30064,AL081970,UNNAMED,19700817,1970,1100,L,TS,34.7,-76.7,50,58,TS
37439,AL051989,DEAN,19890808,1989,1300,L,TS,46.9,-55.9,55,63,TS
38530,AL121991,UNNAMED,19911102,1991,1400,L,TS,44.6,-63.5,45,52,TS
39211,AL121994,GORDON,19941110,1994,600,L,TD,14,-83.4,30,35,TD
39274,AL011995,ALLISON,19950605,1995,1400,L,TS,29.9,-84.4,60,69,TS
39566,AL101995,IRIS,19950827,1995,1800,L,TS,17,-61.9,50,58,TS
41988,AL112000,GORDON,20000918,2000,300,L,TS,29.3,-83.2,55,63,TS
42508,AL082001,GABRIELLE,20010914,2001,1200,L,TS,27.1,-82.6,60,69,TS
42617,AL132001,KAREN,20011015,2001,1200,L,TS,44.2,-64.8,40,46,TS
43055,AL122002,KYLE,20021011,2002,1700,L,TS,33,-79.5,35,40,TS
44823,AL162005,OPHELIA,20050906,2005,1600,L,TD,26.6,-78.3,25,29,TD
45036,AL242005,VINCE,20051011,2005,900,L,TD,37.2,-7.1,30,35,TD
45402,AL062006,ERNESTO,20060828,2006,1115,L,TS,19.9,-75.5,35,40,TS
45984,AL162007,NOEL,20071029,2007,700,L,TS,18.1,-72.5,45,52,TS
46677,AL032009,BILL,20090824,2009,300,L,TS,46.9,-56,60,69,TS
47416,AL182010,PAULA,20101011,2010,1200,L,TS,15,-83.2,45,52,TS
47877,AL142011,MARIA,20110916,2011,1830,L,TS,47,-53.5,60,69,TS
47898,AL152011,NATE,20110911,2011,1600,L,TS,20.5,-97,40,46,TS
48050,AL182011,RINA,20111028,2011,200,L,TS,20.5,-87.2,50,58,TS
48969,AL102013,INGRID,20130916,2013,1115,L,TS,23.7,-97.7,55,63,TS
49170,AL032014,BERTHA,20140803,2014,1400,L,TS,21.8,-71.9,40,46,TS
49758,AL012016,ALEX,20160115,2016,1315,L,TS,38.7,-27.1,55,63,TS
52981,AL052021,ELSA,20210705,2021,1830,L,TS,22.2,-81.6,55,63,TS
53117,AL082021,HENRI,20210822,2021,1520,L,TS,41.2,-71.6,55,63,TS
53540,AL022022,BONNIE,20220702,2022,300,L,TS,11,-83.8,50,58,TS
54214,AL082023,FRANKLIN,20230823,2023,1000,L,TS,17.9,-71.2,40,46,TS