ID,Name,Year,Date,Time,Event,Status,Category,Latitude,Longtitude,Knots,MPH
AL011851,UNNAMED,1851,6/25/51,2100,L,HU,1,28.2,-96.8,80,92.08
AL041851,UNNAMED,1851,8/23/51,2100,L,HU,3,30.1,-85.7,100,115.1
AL011852,UNNAMED,1852,8/26/52,600,L,HU,3,30.2,-88.6,100,115.1
AL031852,UNNAMED,1852,9/12/52,0,L,HU,1,28,-82.8,70,80.57
AL051852,UNNAMED,1852,10/9/52,2100,L,HU,2,29.9,-84.4,90,103.59
AL011854,UNNAMED,1854,6/26/54,1200,L,HU,1,26.2,-97,70,80.57
AL031854,UNNAMED,1854,9/8/54,2000,L,HU,3,31.7,-81.1,100,115.1
AL041854,UNNAMED,1854,9/18/54,2100,L,HU,2,28.9,-95.3,90,103.59
AL051855,UNNAMED,1855,9/16/55,300,L,HU,3,29.2,-89.5,110,126.61
AL011856,UNNAMED,1856,8/10/56,1800,L,HU,4,29.2,-91.1,130,149.63
AL051856,UNNAMED,1856,8/31/56,600,L,HU,2,30.2,-85.9,90,103.59
AL021857,UNNAMED,1857,9/13/57,0,L,HU,2,33.9,-78,90,103.59
AL041857,UNNAMED,1857,9/30/57,1000,L,TS,0,25.8,-97,50,57.55
AL031858,UNNAMED,1858,9/14/58,1500,L,TS,0,27.6,-82.7,60,69.06
AL051859,UNNAMED,1859,9/16/59,0,L,HU,1,30.3,-88.1,70,80.57
AL081859,UNNAMED,1859,10/28/59,1800,L,HU,1,27.7,-82.8,80,92.08
AL011860,UNNAMED,1860,8/11/60,2000,L,HU,3,29.2,-90,110,126.61
AL041860,UNNAMED,1860,9/15/60,400,L,HU,2,29.3,-89.6,90,103.59
AL061860,UNNAMED,1860,10/2/60,1700,L,HU,2,29.5,-91.4,90,103.59
AL051861,UNNAMED,1861,9/27/61,1700,L,HU,1,34.5,-77.4,70,80.57
AL081861,UNNAMED,1861,11/1/61,800,L,TS,0,26,-81.8,60,69.06
AL041865,UNNAMED,1865,9/13/65,2100,L,HU,2,29.8,-93.4,90,103.59
AL071865,UNNAMED,1865,10/23/65,1000,L,HU,2,24.6,-81.7,90,103.59
AL011866,UNNAMED,1866,7/15/66,1200,L,HU,2,28.5,-96.5,90,103.59
AL011867,UNNAMED,1867,6/22/67,1400,L,HU,1,32.9,-79.7,70,80.57
AL071867,UNNAMED,1867,10/4/67,1500,L,HU,2,29.2,-91,90,103.59
AL021869,UNNAMED,1869,8/17/69,700,L,HU,2,28.1,-96.8,90,103.59
AL051869,UNNAMED,1869,9/5/69,1200,L,HU,1,29.2,-90,70,80.57
AL061869,UNNAMED,1869,9/8/69,2100,L,HU,3,41,-71.9,100,115.1
AL101869,UNNAMED,1869,10/4/69,1900,L,HU,2,41.3,-70.5,90,103.59
AL091870,UNNAMED,1870,10/20/70,1400,L,HU,1,24.7,-82.8,80,92.08
AL031871,UNNAMED,1871,8/17/71,200,L,HU,3,27.1,-80.2,100,115.1
AL041871,UNNAMED,1871,8/25/71,500,L,HU,2,27.1,-80.3,90,103.59
AL061871,UNNAMED,1871,9/6/71,1400,L,HU,1,29.2,-83,70,80.57
AL071871,UNNAMED,1871,10/5/71,1600,L,TS,0,30,-83.9,60,69.06
AL051872,UNNAMED,1872,10/23/72,800,L,TS,0,27.9,-82.7,50,57.55
AL031873,UNNAMED,1873,9/19/73,1500,L,HU,1,29.9,-84.4,70,80.57
AL051873,UNNAMED,1873,10/7/73,100,L,HU,3,26.5,-82.2,100,115.1
AL061874,UNNAMED,1874,9/28/74,300,L,HU,1,29.1,-82.9,70,80.57
AL031875,UNNAMED,1875,9/16/75,2100,L,HU,3,27.7,-97.2,100,115.1
AL021876,UNNAMED,1876,9/17/76,1400,L,HU,1,34.4,-77.6,80,92.08
AL051876,UNNAMED,1876,10/20/76,500,L,HU,2,25.8,-81.4,90,103.59
AL021877,UNNAMED,1877,9/18/77,1600,L,HU,1,29.2,-91,70,80.57
AL041877,UNNAMED,1877,10/3/77,500,L,HU,3,30,-85.5,100,115.1
AL051878,UNNAMED,1878,9/7/78,2100,L,TS,0,24.7,-80.9,60,69.06
AL081878,UNNAMED,1878,10/10/78,2100,L,TS,0,29.9,-85.4,50,57.55
AL111878,UNNAMED,1878,10/23/78,400,L,HU,2,34.8,-77.1,90,103.59
AL021879,UNNAMED,1879,8/18/79,1200,L,HU,3,34.5,-76.8,100,115.1
AL031879,UNNAMED,1879,8/23/79,200,L,HU,2,29.6,-94.4,90,103.59
AL041879,UNNAMED,1879,9/1/79,1600,L,HU,3,29.5,-91.4,110,126.61
AL071879,UNNAMED,1879,10/27/79,2100,L,TS,0,29,-82.7,60,69.06
AL021880,UNNAMED,1880,8/13/80,100,L,HU,4,25.8,-97,130,149.63
AL041880,UNNAMED,1880,8/29/80,1200,L,HU,2,28.2,-80.6,90,103.59
AL061880,UNNAMED,1880,9/8/80,1600,L,TS,0,29.8,-83.6,50,57.55
AL091880,UNNAMED,1880,10/8/80,1900,L,HU,1,28.7,-83,70,80.57
AL111880,UNNAMED,1880,10/23/80,800,L,EX,0,41.3,-70,60,69.06
AL051881,UNNAMED,1881,8/28/81,200,L,HU,2,31.7,-81.1,90,103.59
AL061881,UNNAMED,1881,9/9/81,1600,L,HU,2,33.9,-78.1,90,103.59
AL021882,UNNAMED,1882,9/10/82,200,L,HU,3,30.4,-86.8,110,126.61
AL061882,UNNAMED,1882,10/11/82,400,L,HU,1,29.5,-83.3,70,80.57
AL031883,UNNAMED,1883,9/11/83,1300,L,HU,2,33.9,-78.5,90,103.59
AL031884,UNNAMED,1884,9/11/84,100,L,TS,0,31.6,-81.2,40,46.04
AL021885,UNNAMED,1885,8/25/85,1200,L,HU,2,32.6,-80.1,90,103.59
AL041885,UNNAMED,1885,9/21/85,300,L,TS,0,29,-89.4,50,57.55
AL061885,UNNAMED,1885,9/26/85,400,L,TS,0,29.6,-89,60,69.06
AL011886,UNNAMED,1886,6/14/86,1600,L,HU,2,29.6,-94.2,85,97.835
AL021886,UNNAMED,1886,6/21/86,1100,L,HU,2,30.1,-84,85,97.835
AL031886,UNNAMED,1886,6/30/86,2100,L,HU,2,29.7,-85.2,85,97.835
AL041886,UNNAMED,1886,7/19/86,100,L,HU,1,28.8,-82.7,70,80.57
AL051886,UNNAMED,1886,8/20/86,1300,L,HU,4,28.1,-96.8,130,149.63
AL101886,UNNAMED,1886,10/12/86,2200,L,HU,3,29.8,-93.5,105,120.855
AL041887,UNNAMED,1887,7/27/87,1500,L,HU,1,30.4,-86.6,75,86.325
AL091887,UNNAMED,1887,9/21/87,1700,L,HU,1,26.1,-97.2,75,86.325
AL011888,UNNAMED,1888,6/17/88,600,L,HU,1,28.7,-95.7,70,80.57
AL031888,UNNAMED,1888,8/16/88,1900,L,HU,3,25.8,-80.1,110,126.61
AL061888,UNNAMED,1888,9/26/88,1300,L,HU,1,41.6,-69.9,70,80.57
AL071888,UNNAMED,1888,10/11/88,100,L,HU,3,29.2,-83.1,95,109.345
AL021889,UNNAMED,1889,6/17/89,1500,L,TS,0,29.1,-82.9,45,51.795
AL061889,UNNAMED,1889,9/23/89,400,L,HU,1,29.1,-89.8,70,80.57
AL011891,UNNAMED,1891,7/5/91,2200,L,HU,1,28.8,-95.5,80,92.08
AL031891,UNNAMED,1891,8/24/91,1500,L,HU,1,25.4,-80.2,70,80.57
AL011893,UNNAMED,1893,6/15/93,2300,L,TS,0,29.9,-83.7,60,69.06
AL041893,UNNAMED,1893,8/24/93,1200,L,HU,1,40.7,-73.9,75,86.325
AL061893,UNNAMED,1893,8/28/93,500,L,HU,3,31.7,-81.1,100,115.1
AL081893,UNNAMED,1893,9/7/93,1400,L,HU,2,29.2,-91.1,85,97.835
AL091893,UNNAMED,1893,10/13/93,1300,L,HU,3,33,-79.5,105,120.855
AL101893,UNNAMED,1893,10/2/93,800,L,HU,4,29.3,-89.8,115,132.365
AL041894,UNNAMED,1894,9/25/94,1100,L,HU,1,24.7,-82,70,80.57
AL051894,UNNAMED,1894,10/9/94,300,L,HU,3,30.2,-85.5,105,120.855
AL011896,UNNAMED,1896,7/7/96,1700,L,HU,2,30.4,-86.5,85,97.835
AL021896,UNNAMED,1896,9/10/96,1300,L,HU,1,41.2,-70.6,70,80.57
AL041896,UNNAMED,1896,9/29/96,1100,L,HU,3,29.2,-83.1,110,126.61
AL051896,UNNAMED,1896,10/9/96,200,L,TS,0,26.4,-82,50,57.55
AL021897,UNNAMED,1897,9/10/97,1800,L,TS,0,24.4,-81.9,60,69.06
AL051897,UNNAMED,1897,10/20/97,2000,L,TS,0,35.2,-75.5,55,63.305
AL011898,UNNAMED,1898,8/2/98,300,L,TS,0,27.1,-80.1,35,40.285
AL021898,UNNAMED,1898,8/31/98,700,L,HU,1,32.1,-80.8,75,86.325
AL071898,UNNAMED,1898,10/2/98,1600,L,HU,4,30.9,-81.4,115,132.365
AL021899,UNNAMED,1899,7/30/99,1000,L,TS,0,24.9,-80.6,40,46.04
AL031899,UNNAMED,1899,8/18/99,100,L,HU,3,35.2,-75.8,105,120.855
AL091899,UNNAMED,1899,10/31/99,900,L,HU,3,33.6,-79,95,109.345
AL011900,UNNAMED,1900,9/9/00,200,L,HU,4,29.1,-95.1,120,138.12
AL031901,UNNAMED,1901,7/11/01,700,L,HU,1,36,-75.8,70,80.57
AL041901,UNNAMED,1901,8/10/01,2200,L,TS,0,26.3,-80.1,40,46.04
AL081901,UNNAMED,1901,9/17/01,2000,L,TS,0,30.4,-86.6,50,57.55
AL021902,UNNAMED,1902,6/26/02,2100,L,TS,0,27.7,-97.2,60,69.06
AL041902,UNNAMED,1902,10/10/02,2100,L,TS,0,30.3,-87.3,50,57.55
AL031903,UNNAMED,1903,9/11/03,2300,L,HU,1,26.1,-80.1,75,86.325
AL041903,UNNAMED,1903,9/16/03,1100,L,HU,1,39.1,-74.7,70,80.57
AL021904,UNNAMED,1904,9/14/04,1300,L,HU,1,33.1,-79.2,70,80.57
AL041904,UNNAMED,1904,10/17/04,800,L,HU,1,25.3,-80.3,70,80.57
AL021906,UNNAMED,1906,6/17/06,300,L,HU,1,24.7,-81.1,70,80.57
AL051906,UNNAMED,1906,9/17/06,2200,L,HU,1,33.3,-79.2,80,92.08
AL061906,UNNAMED,1906,9/27/06,1100,L,HU,3,30.2,-88.6,95,109.345
AL081906,UNNAMED,1906,10/18/06,1000,L,HU,3,24.7,-81.1,105,120.855
AL021908,UNNAMED,1908,5/29/08,2100,L,HU,1,35.2,-75.6,65,74.815
AL031908,UNNAMED,1908,7/31/08,1100,L,HU,1,34.6,-77.1,70,80.57
AL021909,UNNAMED,1909,6/29/09,1700,L,HU,2,26.1,-97.2,85,97.835
AL041909,UNNAMED,1909,7/21/09,1700,L,HU,3,28.9,-95.3,100,115.1
AL091909,UNNAMED,1909,9/21/09,0,L,HU,3,29.5,-91.3,100,115.1
AL111909,UNNAMED,1909,10/11/09,1800,L,HU,3,24.7,-81,100,115.1
AL031910,UNNAMED,1910,9/14/10,2200,L,HU,2,26.9,-97.4,90,103.59
AL051910,UNNAMED,1910,10/18/10,600,L,HU,3,26.5,-82,95,109.345
AL021911,UNNAMED,1911,8/11/11,2200,L,HU,1,30.3,-87.5,70,80.57
AL031911,UNNAMED,1911,8/28/11,1000,L,HU,2,32.2,-80.7,85,97.835
AL041912,UNNAMED,1912,9/14/12,800,L,HU,1,30.3,-88.4,65,74.815
AL061912,UNNAMED,1912,10/16/12,1800,L,HU,2,27.1,-97.4,85,97.835
AL011913,UNNAMED,1913,6/28/13,100,L,HU,1,27.1,-97.4,65,74.815
AL041913,UNNAMED,1913,9/3/13,800,L,HU,1,34.7,-76.6,75,86.325
AL051913,UNNAMED,1913,10/8/13,1400,L,HU,1,33.1,-79.4,65,74.815
AL011915,UNNAMED,1915,8/1/15,1800,L,HU,1,28.7,-80.8,65,74.815
AL021915,UNNAMED,1915,8/17/15,700,L,HU,4,29.2,-95.1,115,132.365
AL041915,UNNAMED,1915,9/4/15,1100,L,HU,1,30,-85.4,80,92.08
AL061915,UNNAMED,1915,9/29/15,1800,L,HU,3,29,-90.3,110,126.61
AL021916,UNNAMED,1916,7/5/16,2100,L,HU,3,30.4,-88.4,105,120.855
AL031916,UNNAMED,1916,7/21/16,1300,L,TS,0,41.4,-71.2,60,69.06
AL041916,UNNAMED,1916,7/14/16,800,L,HU,3,32.9,-79.5,95,109.345
AL061916,UNNAMED,1916,8/18/16,2200,L,HU,4,27,-97.4,115,132.365
AL071916,UNNAMED,1916,8/25/16,800,L,TS,0,25.6,-80.3,40,46.04
AL141916,UNNAMED,1916,10/18/16,1400,L,HU,3,30.4,-87.4,95,109.345
AL041917,UNNAMED,1917,9/29/17,200,L,HU,3,30.4,-86.6,100,115.1
AL011918,UNNAMED,1918,8/6/18,1800,L,HU,3,29.8,-93.2,105,120.855
AL031918,UNNAMED,1918,8/24/18,2100,L,HU,1,34.8,-76.8,65,74.815
AL021919,UNNAMED,1919,9/10/19,700,L,HU,4,24.6,-82.9,130,149.63
AL021920,UNNAMED,1920,9/22/20,100,L,HU,2,29.1,-90.8,85,97.835
AL031920,UNNAMED,1920,9/23/20,600,L,TS,0,33.7,-78.2,55,63.305
AL051920,UNNAMED,1920,9/30/20,900,L,TS,0,28.9,-82.9,55,63.305
AL011921,UNNAMED,1921,6/22/21,1800,L,HU,1,28.5,-95.9,80,92.08
AL061921,UNNAMED,1921,10/25/21,2000,L,HU,3,28.1,-82.8,100,115.1
AL061923,UNNAMED,1923,10/16/23,600,L,HU,1,29.2,-91,70,80.57
AL051924,UNNAMED,1924,9/15/24,1400,L,HU,1,29.7,-85.3,75,86.325
AL101924,UNNAMED,1924,10/21/24,100,L,HU,1,25.8,-81.8,80,92.08
AL011926,UNNAMED,1926,7/28/26,1000,L,HU,2,29,-80.8,90,103.59
AL031926,UNNAMED,1926,8/25/26,2300,L,HU,3,29.2,-90.9,100,115.1
AL071926,UNNAMED,1926,9/18/26,1200,L,HU,4,25.6,-80.3,125,143.875
AL011928,UNNAMED,1928,8/8/28,700,L,HU,2,27.3,-80.2,85,97.835
AL021928,UNNAMED,1928,8/13/28,300,L,TS,0,24.7,-81.4,60,69.06
AL041928,UNNAMED,1928,9/17/28,0,L,HU,4,26.7,-80,125,143.875
AL011929,UNNAMED,1929,6/28/29,2100,L,HU,1,28.3,-96.4,80,92.08
AL021929,UNNAMED,1929,9/28/29,1300,L,HU,3,25,-80.5,100,115.1
AL021930,UNNAMED,1930,9/9/30,900,L,TS,0,27.5,-82.7,40,46.04
AL021932,UNNAMED,1932,8/14/32,400,L,HU,4,29,-95.2,130,149.63
AL031932,UNNAMED,1932,8/30/32,400,L,TS,0,25.3,-80.3,55,63.305
AL051933,UNNAMED,1933,7/30/33,1600,L,HU,1,27.1,-80.1,65,74.815
AL061933,UNNAMED,1933,8/23/33,1000,L,HU,1,35.8,-75.6,80,92.08
AL081933,UNNAMED,1933,9/5/33,400,L,HU,3,26.1,-97.2,110,126.61
AL111933,UNNAMED,1933,9/4/33,500,L,HU,3,26.9,-80.1,110,126.61
AL011934,UNNAMED,1934,6/16/34,1900,L,HU,2,29.7,-91.7,85,97.835
AL031934,UNNAMED,1934,7/25/34,1700,L,HU,1,28.1,-96.8,75,86.325
AL071934,UNNAMED,1934,9/9/34,200,L,HU,1,40.7,-73,65,74.815
AL031935,UNNAMED,1935,9/3/35,200,L,HU,5,24.8,-80.8,160,184.16
AL071935,UNNAMED,1935,11/4/35,1800,L,HU,2,25.9,-80.1,85,97.835
AL031936,UNNAMED,1936,6/27/36,1600,L,HU,1,27.9,-97,70,80.57
AL051936,UNNAMED,1936,7/29/36,200,L,TS,0,25.3,-80.3,55,63.305
AL031938,UNNAMED,1938,8/15/38,100,L,HU,1,29.8,-93.4,65,74.815
AL061938,UNNAMED,1938,9/21/38,2000,L,HU,3,40.7,-72.9,105,120.855
AL021939,UNNAMED,1939,8/11/39,2300,L,HU,1,27.2,-80.2,65,74.815
AL021940,UNNAMED,1940,8/7/40,2100,L,HU,2,29.7,-94.1,85,97.835
AL031940,UNNAMED,1940,8/11/40,2000,L,HU,2,32.1,-80.8,85,97.835
AL021941,UNNAMED,1941,9/23/41,2200,L,HU,3,28.8,-95.6,110,126.61
AL051941,UNNAMED,1941,10/6/41,1000,L,HU,2,25.5,-80.2,85,97.835
AL021942,UNNAMED,1942,8/21/42,1300,L,HU,1,29.5,-94.6,65,74.815
AL031942,UNNAMED,1942,8/30/42,900,L,HU,3,28.3,-96.6,100,115.1
AL011943,UNNAMED,1943,7/27/43,1800,L,HU,2,29.5,-94.6,90,103.59
AL031944,UNNAMED,1944,8/1/44,2300,L,HU,1,33.9,-78.1,70,80.57
AL071944,UNNAMED,1944,9/15/44,200,L,HU,2,40.9,-72.2,90,103.59
AL131944,UNNAMED,1944,10/18/44,2100,L,HU,3,24.6,-82.9,105,120.855
AL011945,UNNAMED,1945,6/24/45,800,L,HU,1,28.6,-82.7,70,80.57
AL051945,UNNAMED,1945,8/27/45,1200,L,HU,3,28.2,-96.7,100,115.1
AL091945,UNNAMED,1945,9/15/45,1930,L,HU,4,25.3,-80.3,115,132.365
AL021946,UNNAMED,1946,7/6/46,800,L,TS,0,33.9,-78.2,45,51.795
AL041946,UNNAMED,1946,9/12/46,1700,L,TS,0,25,-78.2,55,63.305
AL061946,UNNAMED,1946,10/7/46,400,L,HU,1,22.2,-83.9,80,92.08
AL021947,UNNAMED,1947,8/12/47,1600,L,TS,0,19.9,-87.5,45,51.795
AL031947,UNNAMED,1947,8/22/47,1400,L,TS,0,29.1,-90.3,40,46.04
AL041947,UNNAMED,1947,9/16/47,1900,L,HU,3,26.7,-77.1,105,120.855
AL091947,UNNAMED,1947,10/11/47,700,L,TS,0,22.2,-83.6,55,63.305
AL051948,UNNAMED,1948,9/4/48,700,L,HU,1,29.1,-90.5,70,80.57
AL081948,UNNAMED,1948,9/20/48,2200,L,HU,3,22.3,-82.1,110,126.61
AL091948,UNNAMED,1948,10/5/48,700,L,HU,3,22.4,-83.2,110,126.61
AL021949,UNNAMED,1949,8/26/49,2300,L,HU,4,26.6,-80,115,132.365
AL091949,UNNAMED,1949,9/26/49,800,L,TS,0,19.5,-96.3,55,63.305
AL101949,UNNAMED,1949,9/22/49,1500,L,TS,0,18.4,-70,55,63.305
AL111949,UNNAMED,1949,10/4/49,500,L,HU,3,28.8,-95.6,95,109.345
AL011950,ABLE,1950,8/21/50,1600,L,HU,1,44.6,-63.7,65,74.815
AL021950,BAKER,1950,8/22/50,1200,L,TS,0,16.8,-62.2,60,69.06
AL051950,EASY,1950,9/3/50,100,L,HU,1,21.5,-82.6,70,80.57
AL091950,ITEM,1950,10/11/50,400,L,HU,2,18.9,-95.9,90,103.59
AL111950,KING,1950,10/16/50,2200,L,HU,1,20.9,-78.3,80,92.08
AL131950,LOVE,1950,10/21/50,1100,L,TS,0,29.7,-83.4,50,57.55
AL021951,ABLE,1951,5/18/51,1200,L,HU,1,27,-77.9,75,86.325
AL041951,CHARLIE,1951,8/18/51,300,L,HU,3,17.9,-76.9,110,126.61
AL091951,HOW,1951,10/2/51,1000,L,TS,0,26.7,-82.3,55,63.305
AL021952,ABLE,1952,8/31/52,300,L,HU,2,32.3,-80.6,85,97.835
AL101952,FOX,1952,10/24/52,1800,L,HU,4,22,-80.9,125,143.875
AL031953,BARBARA,1953,8/14/53,300,L,HU,1,35,-76.1,80,92.08
AL041953,CAROL,1953,9/7/53,2000,L,HU,1,44.2,-66.4,75,86.325
AL061953,DOLLY,1953,9/12/53,500,L,TS,0,32.3,-64.8,55,63.305
AL091953,FLORENCE,1953,9/26/53,1500,L,HU,1,30.3,-86.2,80,92.08
AL121953,HAZEL,1953,10/9/53,1500,L,HU,1,26.7,-82.2,75,86.325
AL031954,ALICE,1954,6/25/54,1400,L,HU,3,25,-97.6,95,109.345
AL061954,CAROL,1954,8/31/54,1400,L,HU,3,40.9,-72.2,100,115.1
AL081954,EDNA,1954,9/11/54,1830,L,HU,3,41.4,-70.5,95,109.345
AL141954,HAZEL,1954,10/6/54,0,L,HU,1,12.2,-61.6,65,74.815
AL021955,CONNIE,1955,8/12/55,1500,L,HU,2,34.7,-76.7,85,97.835
AL031955,DIANE,1955,8/17/55,1200,L,TS,0,34,-77.9,60,69.06
AL071955,GLADYS,1955,9/5/55,2200,L,HU,1,23.1,-97.8,65,74.815
AL081955,IONE,1955,9/19/55,1100,L,HU,2,34.7,-76.7,90,103.59
AL091955,HILDA,1955,9/13/55,2100,L,HU,1,20.2,-74.2,70,80.57
AL101955,JANET,1955,9/23/55,0,L,HU,2,12.6,-61.4,90,103.59
AL131955,KATIE,1955,10/17/55,500,L,HU,3,18,-71.7,95,109.345
AL161954,ALICE,1955,1/2/55,2100,L,HU,1,18,-63,65,74.815
AL021956,ANNA,1956,7/26/56,2100,L,HU,1,21.7,-97.5,75,86.325
AL071956,FLOSSY,1956,9/24/56,1000,L,HU,1,29.1,-89.4,75,86.325
AL021957,AUDREY,1957,6/27/57,1330,L,HU,3,29.8,-93.7,110,126.61
AL051958,ELLA,1958,9/1/58,1200,L,HU,3,18.2,-73.4,95,109.345
AL101958,JANICE,1958,10/6/58,300,L,TS,0,22,-80.3,50,57.55
AL031959,UNNAMED,1959,6/18/59,800,L,TS,0,28,-82.8,40,46.04
AL041959,CINDY,1959,7/9/59,400,L,HU,1,33,-79.6,65,74.815
AL051959,DEBRA,1959,7/25/59,500,L,HU,1,29.1,-95.2,75,86.325
AL081959,GRACIE,1959,9/29/59,1700,L,HU,4,32.5,-80.4,115,132.365
AL111959,JUDITH,1959,10/18/59,1400,L,TS,0,26.7,-82.3,55,63.305
AL021960,ABBY,1960,7/10/60,1200,L,TS,0,13.9,-60.9,55,63.305
AL051960,DONNA,1960,9/4/60,2200,L,HU,3,17.7,-61.8,110,126.61
AL061960,ETHEL,1960,9/15/60,2100,L,HU,1,30.4,-89,70,80.57
AL091969,CAMILLE,1969,8/15/69,2200,L,HU,3,21.9,-84.3,95,109.345
AL031983,ALICIA,1983,8/18/83,700,L,HU,3,29.1,-95.1,100,115.1
AL041983,BARRY,1983,8/25/83,1100,L,TD,0,27.9,-80.6,30,34.53
AL101984,DIANA,1984,9/13/84,700,L,HU,1,33.9,-78,80,92.08
AL021985,BOB,1985,7/25/85,300,L,HU,1,32.2,-80.5,65,74.815
AL041985,DANNY,1985,8/15/85,1630,L,HU,1,29.6,-92.7,80,92.08
AL051985,ELENA,1985,9/2/85,1300,L,HU,3,30.4,-89.2,100,115.1
AL091985,GLORIA,1985,9/27/85,530,L,HU,2,35.2,-75.6,90,103.59
AL121985,JUAN,1985,10/29/85,1100,L,HU,1,29.5,-91.4,65,74.815
AL131985,KATE,1985,11/21/85,2230,L,HU,2,30,-85.4,85,97.835
AL021986,BONNIE,1986,6/26/86,1000,L,HU,1,29.6,-94.2,75,86.325
AL051986,CHARLEY,1986,8/17/86,1400,L,HU,1,34.7,-76.5,65,74.815
AL121987,EMILY,1987,9/23/87,300,L,HU,3,18.3,-71,95,109.345
AL131987,FLOYD,1987,10/12/87,2100,L,HU,1,25.1,-80.5,65,74.815
AL041988,DEBBY,1988,9/3/88,0,L,HU,1,20.7,-97.3,65,74.815
AL071988,FLORENCE,1988,9/10/88,200,L,HU,1,29.1,-89.3,70,80.57
AL081988,GILBERT,1988,9/12/88,1700,L,HU,4,17.8,-76.8,115,132.365
AL111988,JOAN,1988,10/15/88,100,L,TS,0,12.1,-61.8,45,51.795
AL041989,CHANTAL,1989,8/1/89,1300,L,HU,1,29.6,-94.4,70,80.57
AL051989,DEAN,1989,8/8/89,1300,L,TS,0,46.9,-55.9,55,63.305
AL111989,HUGO,1989,9/17/89,500,L,HU,4,16.3,-61.3,120,138.12
AL141989,JERRY,1989,10/16/89,30,L,HU,1,29.2,-95,75,86.325
AL051990,DIANA,1990,8/5/90,1800,L,TS,0,19.1,-87.6,55,63.305
AL031991,BOB,1991,8/19/91,1720,L,HU,2,41.2,-71.6,90,103.59
AL121991,UNNAMED,1991,11/2/91,1400,L,TS,0,44.6,-63.5,45,51.795
AL041992,ANDREW,1992,8/23/92,2100,L,HU,5,25.4,-76.6,140,161.14
AL081993,GERT,1993,9/15/93,1800,L,TS,0,11.8,-83.8,35,40.285
AL021994,UNNAMED,1994,7/20/94,1400,L,TD,0,33.2,-79.2,30,34.53
AL051994,UNNAMED,1994,8/31/94,600,L,TD,0,22.4,-98,30,34.53
AL081994,UNNAMED,1994,9/25/94,1800,L,TD,0,16.6,-88.4,30,34.53
AL121994,GORDON,1994,11/10/94,600,L,TD,0,14,-83.4,30,34.53
AL011995,ALLISON,1995,6/5/95,1400,L,TS,0,29.9,-84.4,60,69.06
AL051995,ERIN,1995,8/2/95,615,L,HU,1,27.7,-80.3,75,86.325
AL061995,UNNAMED,1995,8/6/95,2300,L,TD,0,21.5,-97.4,30,34.53
AL101995,IRIS,1995,8/27/95,1800,L,TS,0,17,-61.9,50,57.55
AL131995,LUIS,1995,9/5/95,1200,L,HU,4,17.5,-61.7,115,132.365
AL151995,MARILYN,1995,9/14/95,2100,L,HU,1,15.5,-61.3,70,80.57
AL171995,OPAL,1995,10/4/95,2200,L,HU,3,30.3,-87.1,100,115.1
AL191995,ROXANNE,1995,10/11/95,200,L,HU,3,20,-87.6,100,115.1
AL021996,BERTHA,1996,7/12/96,2000,L,HU,2,34.3,-77.8,90,103.59
AL031996,CESAR,1996,7/28/96,400,L,HU,1,12.2,-83.9,75,86.325
AL041996,DOLLY,1996,8/20/96,1730,L,HU,1,19.1,-87.7,65,74.815
AL061996,FRAN,1996,9/6/96,30,L,HU,3,33.9,-78,100,115.1
AL081996,HORTENSE,1996,9/10/96,600,L,HU,1,18,-66.9,70,80.57
AL111996,KYLE,1996,10/12/96,1200,L,TD,0,16,-88.1,30,34.53
AL121996,LILI,1996,10/18/96,930,L,HU,2,22.3,-82,85,97.835
AL051997,DANNY,1997,7/18/97,900,L,HU,1,29.3,-89.7,65,74.815
AL021998,BONNIE,1998,8/27/98,400,L,HU,3,34.4,-77.7,95,109.345
AL051998,EARL,1998,9/3/98,600,L,HU,1,30.1,-85.7,70,80.57
AL071998,GEORGES,1998,9/21/98,430,L,HU,3,17,-61.7,100,115.1
AL131998,MITCH,1998,10/29/98,1200,L,HU,1,15.9,-85.7,70,80.57
AL021999,UNNAMED,1999,7/3/99,400,L,TD,0,20.5,-97,30,34.53
AL031999,BRET,1999,8/23/99,0,L,HU,3,26.9,-97.4,100,115.1
AL051999,DENNIS,1999,8/28/99,700,L,HU,1,26.6,-76.8,75,86.325
AL071999,UNNAMED,1999,9/6/99,1200,L,TD,0,23.2,-97.7,30,34.53
AL081999,FLOYD,1999,9/14/99,1200,L,HU,3,25.4,-76.3,105,120.855
AL131999,IRENE,1999,10/14/99,1200,L,TS,0,21.3,-82.9,60,69.06
AL141999,JOSE,1999,10/20/99,1600,L,HU,1,17.1,-61.7,80,92.08
AL161999,LENNY,1999,11/17/99,1800,L,HU,4,17.4,-64.8,135,155.385
AL072000,DEBBY,2000,8/22/00,600,L,HU,1,17.5,-61.7,65,74.815
AL092000,UNNAMED,2000,9/9/00,1000,L,TD,0,29.9,-93.9,25,28.775
AL112000,GORDON,2000,9/18/00,300,L,TS,0,29.3,-83.2,55,63.305
AL152000,KEITH,2000,10/2/00,2300,L,HU,1,17.9,-88,65,74.815
AL082001,GABRIELLE,2001,9/14/01,1200,L,TS,0,27.1,-82.6,60,69.06
AL092001,UNNAMED,2001,9/20/01,0,L,TD,0,13.9,-83.5,30,34.53
AL112001,IRIS,2001,10/9/01,200,L,HU,4,16.3,-88.4,125,143.875
AL132001,KAREN,2001,10/15/01,1200,L,TS,0,44.2,-64.8,40,46.04
AL152001,MICHELLE,2001,11/4/01,1800,L,HU,4,21.5,-81.8,120,138.12
AL082002,GUSTAV,2002,9/12/02,430,L,HU,1,45.6,-60.4,80,92.08
AL102002,ISIDORE,2002,9/20/02,2100,L,HU,1,22,-84.1,75,86.325
AL122002,KYLE,2002,10/11/02,1700,L,TS,0,33,-79.5,35,40.285
AL132002,LILI,2002,9/30/02,1400,L,HU,1,19.7,-79.8,65,74.815
AL142002,UNNAMED,2002,10/16/02,1600,L,TD,0,22,-80.7,25,28.775
AL042003,CLAUDETTE,2003,7/11/03,1000,L,TS,0,20.8,-86.9,50,57.55
AL072003,UNNAMED,2003,7/26/03,600,L,TD,0,31.5,-81.3,25,28.775
AL082003,ERIKA,2003,8/16/03,1030,L,HU,1,25.3,-97.4,65,74.815
AL122003,HENRI,2003,9/6/03,900,L,TD,0,27.9,-82.8,30,34.53
AL132003,ISABEL,2003,9/18/03,1700,L,HU,2,34.9,-76.2,90,103.59
AL152003,JUAN,2003,9/29/03,300,L,HU,2,44.4,-63.8,85,97.835
AL032004,CHARLEY,2004,8/13/04,430,L,HU,3,22.7,-82.6,105,120.855
AL062004,FRANCES,2004,9/2/04,1930,L,HU,3,24,-74.5,110,126.61
AL072004,GASTON,2004,8/29/04,1400,L,HU,1,33,-79.6,65,74.815
AL092004,IVAN,2004,9/16/04,650,L,HU,3,30.2,-87.9,105,120.855
AL112004,JEANNE,2004,9/14/04,400,L,TD,0,16.2,-61.3,30,34.53
AL032005,CINDY,2005,7/4/05,330,L,TD,0,19,-87.6,30,34.53
AL042005,DENNIS,2005,7/4/05,2100,L,TD,0,12.1,-61.6,30,34.53
AL052005,EMILY,2005,7/14/05,700,L,HU,1,12,-61.8,75,86.325
AL122005,KATRINA,2005,8/25/05,2230,L,HU,1,26,-80.1,70,80.57
AL162005,OPHELIA,2005,9/6/05,1600,L,TD,0,26.6,-78.3,25,28.775
AL182005,RITA,2005,9/24/05,740,L,HU,3,29.7,-93.7,100,115.1
AL202005,STAN,2005,10/2/05,1000,L,TS,0,19.6,-87.5,35,40.285
AL242005,VINCE,2005,10/11/05,900,L,TD,0,37.2,-7.1,30,34.53
AL252005,WILMA,2005,10/21/05,2145,L,HU,4,20.6,-86.8,130,149.63
AL272005,BETA,2005,10/30/05,1200,L,HU,2,12.9,-83.5,90,103.59
AL062006,ERNESTO,2006,8/28/06,1115,L,TS,0,19.9,-75.5,35,40.285
AL022007,BARRY,2007,6/2/07,1400,L,TD,0,27.5,-82.7,30,34.53
AL042007,DEAN,2007,8/21/07,830,L,HU,5,18.7,-87.7,150,172.65
AL052007,ERIN,2007,8/16/07,1030,L,TD,0,28,-96.9,30,34.53
AL062007,FELIX,2007,9/1/07,845,L,TS,0,12.1,-61.7,45,51.795
AL092007,HUMBERTO,2007,9/13/07,700,L,HU,1,29.6,-94.3,80,92.08
AL102007,TEN,2007,9/22/07,0,L,TD,0,30.4,-86.7,25,28.775
AL132007,LORENZO,2007,9/28/07,500,L,HU,1,20.5,-97,65,74.815
AL162007,NOEL,2007,10/29/07,700,L,TS,0,18.1,-72.5,45,51.795
AL172007,OLGA,2007,12/11/07,700,L,SS,0,18.4,-66.5,40,46.04
AL042008,DOLLY,2008,7/21/08,530,L,TS,0,20.8,-87,45,51.795
AL072008,GUSTAV,2008,8/26/08,1800,L,HU,1,18.1,-72.8,70,80.57
AL082008,HANNA,2008,9/2/08,0,L,HU,1,21.8,-72.3,75,86.325
AL092008,IKE,2008,9/7/08,1300,L,HU,3,21,-73.2,110,126.61
AL112008,KYLE,2008,9/29/08,0,L,HU,1,43.8,-66.2,65,74.815
AL162008,SIXTEEN,2008,10/15/08,1230,L,TD,0,15.8,-84.5,25,28.775
AL172008,PALOMA,2008,11/9/08,100,L,HU,2,20.7,-78,85,97.835
AL032009,BILL,2009,8/24/09,300,L,TS,0,46.9,-56,60,69.06
AL112009,IDA,2009,11/5/09,1200,L,HU,1,12.9,-83.6,70,80.57
AL012010,ALEX,2010,6/27/10,0,L,TS,0,17.5,-88.2,55,63.305
AL022010,TWO,2010,7/8/10,1400,L,TD,0,26.1,-97.1,30,34.53
AL072010,EARL,2010,9/4/10,1500,L,HU,1,44.3,-64.5,65,74.815
AL112010,IGOR,2010,9/21/10,1500,L,HU,1,46.6,-53.2,75,86.325
AL132010,KARL,2010,9/15/10,1245,L,TS,0,18.5,-87.8,55,63.305
AL182010,PAULA,2010,10/11/10,1200,L,TS,0,15,-83.2,45,51.795
AL192010,RICHARD,2010,10/25/10,30,L,HU,2,17.2,-88.3,85,97.835
AL212010,TOMAS,2010,10/30/10,900,L,TS,0,13,-59.5,60,69.06
AL042011,DON,2011,7/30/11,230,L,TD,0,27.3,-97.4,30,34.53
AL092011,IRENE,2011,8/21/11,2300,L,TS,0,17.8,-64.6,60,69.06
AL132011,LEE,2011,9/4/11,1030,L,SS,0,29.6,-92.1,40,46.04
AL142011,MARIA,2011,9/16/11,1830,L,TS,0,47,-53.5,60,69.06
AL152011,NATE,2011,9/11/11,1600,L,TS,0,20.5,-97,40,46.04
AL182011,RINA,2011,10/28/11,200,L,TS,0,20.5,-87.2,50,57.55
AL052012,ERNESTO,2012,8/8/12,100,L,HU,1,18.7,-87.2,80,92.08
AL072012,HELENE,2012,8/18/12,1200,L,TD,0,21.9,-97.7,30,34.53
AL082012,GORDON,2012,8/20/12,530,L,HU,1,37,-25.1,65,74.815
AL092012,ISAAC,2012,8/25/12,600,L,TS,0,18.3,-72.7,55,63.305
AL182012,SANDY,2012,10/24/12,1900,L,HU,1,17.9,-76.6,75,86.325
AL022013,BARRY,2013,6/17/13,2200,L,TD,0,16.5,-88.4,30,34.53
AL082013,EIGHT,2013,9/6/13,1800,L,TD,0,22.3,-97.9,30,34.53
AL102013,INGRID,2013,9/16/13,1115,L,TS,0,23.7,-97.7,55,63.305
AL012014,ARTHUR,2014,7/4/14,315,L,HU,2,34.7,-76.6,85,97.835
AL032014,BERTHA,2014,8/3/14,1400,L,TS,0,21.8,-71.9,40,46.04
AL072014,FAY,2014,10/12/14,810,L,HU,1,32.3,-64.7,70,80.57
AL082014,GONZALO,2014,10/13/14,1430,L,HU,1,17.1,-61.8,65,74.815
AL112015,JOAQUIN,2015,10/1/15,1200,L,HU,4,23.1,-73.7,115,132.365